{"cameraMode":{"drawMode":2,"name":"Shaded Wireframe","section":"Shading Mode"},"sceneLighting":false,"audioPlay":false,"sceneViewState":{"showFog":true,"showMaterialUpdate":false,"showSkybox":true,"showFlares":true,"showImageEffects":true,"showParticleSystems":true},"in2DMode":false,"pivot":{"x":187.60118103027345,"y":106.74727630615235,"z":0.9990615844726563},"rotation":{"x":-0.34562948346138,"y":0.5719425082206726,"z":-0.2882365882396698,"w":-0.6858336925506592},"size":729.857666015625,"orthographic":false}