{"cameraMode":{"drawMode":0,"name":"Shaded","section":"Shading Mode"},"sceneLighting":false,"audioPlay":false,"sceneViewState":{"showFog":true,"showMaterialUpdate":false,"showSkybox":true,"showFlares":true,"showImageEffects":true,"showParticleSystems":true},"in2DMode":false,"pivot":{"x":8.329647064208985,"y":18.500734329223634,"z":6.289951324462891},"rotation":{"x":0.07665590941905976,"y":0.9230639934539795,"z":-0.2542828321456909,"w":0.27826958894729617},"size":41.64640808105469,"orthographic":false}