{"cameraMode":{"drawMode":0,"name":"Shaded","section":"Shading Mode"},"sceneLighting":false,"audioPlay":false,"sceneViewState":{"showFog":true,"showMaterialUpdate":false,"showSkybox":true,"showFlares":true,"showImageEffects":true,"showParticleSystems":true},"in2DMode":false,"pivot":{"x":0.0,"y":0.22335779666900636,"z":0.007152266800403595},"rotation":{"x":0.03290248289704323,"y":0.9469646215438843,"z":-0.302618145942688,"w":0.10295982658863068},"size":1.1083338260650635,"orthographic":false}