{"cameraMode":{"drawMode":0,"name":"Shaded","section":"Shading Mode"},"sceneLighting":false,"audioPlay":false,"sceneViewState":{"showFog":true,"showMaterialUpdate":false,"showSkybox":true,"showFlares":true,"showImageEffects":true,"showParticleSystems":true},"in2DMode":false,"pivot":{"x":-14.694992065429688,"y":13.026905059814454,"z":4.7448272705078129},"rotation":{"x":0.22208870947360993,"y":0.5894692540168762,"z":-0.17289727926254273,"w":0.7571779489517212},"size":102.45085144042969,"orthographic":false}