{"cameraMode":{"drawMode":2,"name":"Shaded Wireframe","section":"Shading Mode"},"sceneLighting":false,"audioPlay":false,"sceneViewState":{"showFog":true,"showMaterialUpdate":false,"showSkybox":true,"showFlares":true,"showImageEffects":true,"showParticleSystems":true},"in2DMode":false,"pivot":{"x":-76.61744689941406,"y":92.4959716796875,"z":-21.76951026916504},"rotation":{"x":-0.1756453663110733,"y":0.7972540855407715,"z":-0.2760297656059265,"w":-0.5073112845420837},"size":108.12589263916016,"orthographic":false}