{"cameraMode":{"drawMode":0,"name":"Shaded","section":"Shading Mode"},"sceneLighting":false,"audioPlay":false,"sceneViewState":{"showFog":true,"showMaterialUpdate":false,"showSkybox":true,"showFlares":true,"showImageEffects":true,"showParticleSystems":true},"in2DMode":false,"pivot":{"x":0.014075443148612976,"y":0.16447263956069947,"z":0.0},"rotation":{"x":0.03290248289704323,"y":0.9469646215438843,"z":-0.302618145942688,"w":0.10295982658863068},"size":3.2198235988616945,"orthographic":false}